{
    "param_dict": {
        "norm_type": "clip_0to1",
        "score_clip": null,
        "gamma": 0.035,
        "C": 4.0,
        "nu": 0.9
    },
    "model_dict": {
        "model_type": "LIBSVMNUSVR",
        "feature_names": [
            "Cambi_feature_cambi_score",
            "Speed_chroma_feature_speed_chroma_uv_score",
            "VMAF_integer_feature_adm3_score",
            "VMAF_integer_feature_motion3_score"
        ],
        "feature_opts_dicts": [
            {
                "cambi_high_res_speedup": 1080,
                "cambi_vis_lum_threshold": 0.06,
                "cambi_max_val": 17.0
            },
            {
                "speed_kernelscale": 1.0,
                "speed_nn_floor": 0.1,
                "speed_sigma_nn": 0.19,
                "speed_weight_var_mode": 5,
                "speed_max_val": 45.0
            },
            {
                "adm_dlm_weight": 0.7,
                "adm_enhn_gain_limit": 1.0,
                "adm_noise_weight": 0.02,
                "adm_norm_view_dist": 3.0,
                "adm_ref_display_height": 1080,
                "adm_min_val": 0.5,
                "adm_csf_mode": 2
            },
            {
                "motion_max_val": 18.0
            }
        ],
        "slopes": [
            0.012020766332648467,
            0.07265168094288038,
            0.03147688934068315,
            4.044462665497729,
            0.06242930101138472
        ],
        "intercepts": [
            -0.30712690585348135,
            -0.00016348141788834398,
            -0.014977474082856242,
            -3.0226057825839794,
            -0.003051650363248205
        ],
        "norm_type": "linear_rescale",
        "model": "svm_type nu_svr\nkernel_type rbf\ngamma 0.035000000000000003\nnr_class 2\ntotal_sv 215\nrho -1.2801585513962348\nSV\n-4 1:0.91956722 2:0.022816409 3:0.99612038 4:0.067144494 \n4 1:0.51490606 2:0.025611773 3:1 4:0.067144494 \n-4 1:1 2:0.048386093 3:0.98920048 4:0.067144494 \n4 1:0.31990205 2:0.01051973 3:0.99914207 4:0.067144494 \n4 1:0.72977182 2:0.03341186 3:0.98854045 4:0.067144494 \n4 1:0.48963149 2:0.013299171 3:0.99709571 4:0.067144494 \n-4 1:0.24871887 2:0.33946431 3:0.59576263 4:0.34590249 \n4 1:0.036618401 2:0.10636552 3:0.86207921 4:0.49617972 \n4 1:0.0091593666 2:0.91636312 3:0.015464744 4:0.49617972 \n4 1:0.01050847 2:0.72239624 3:0.17839249 4:0.49617972 \n4 1:0.015026739 2:0.29928295 3:0.61542056 4:0.49617972 \n4 1:0.017095812 2:0.40612447 3:0.51667438 4:0.49617972 \n-4 1:0.017456594 2:0.51799886 3:0.38780263 4:0.49617972 \n4 1:0.021579104 2:0.20681002 3:0.7471555 4:0.49617972 \n4 1:0.023554938 2:0.28152535 3:0.66283517 4:0.49617972 \n4 1:0.02487832 2:0.36485018 3:0.553389 4:0.49617972 \n4 1:0.066041274 2:0.10785481 3:0.8742446 4:0.23049721 \n4 1:0.073215994 2:0.074756329 3:0.90852699 4:0.23049721 \n4 1:0.028275016 2:0.88954965 3:0.2369831 4:0.23049721 \n-4 1:0.029465126 2:0.7370502 3:0.36787831 4:0.23049721 \n-4 1:0.036100669 2:0.4031614 3:0.62404198 4:0.23049721 \n-4 1:0.040158019 2:0.5103555 3:0.53042272 4:0.23049721 \n4 1:0.047843996 2:0.27410253 3:0.72580788 4:0.23049721 \n4 1:0.053556759 2:0.34961955 3:0.6467386 4:0.23049721 \n4 1:0.01800121 2:0.011044353 3:0.91682844 \n4 1:0.015015904 2:0.0037310954 3:0.99827964 \n4 1:0.03284145 2:0.2112627 \n4 1:0.029199761 2:0.16407877 3:0.20508882 \n4 1:0.016937868 2:0.051679186 3:0.49536211 \n4 1:0.027281769 2:0.070136427 3:0.48558122 \n4 1:0.036972151 2:0.094032325 3:0.46917956 \n4 1:0.016342663 2:0.029403438 3:0.70852446 \n4 1:0.026011067 2:0.042552986 3:0.69965222 \n4 1:0.036469525 2:0.063992708 3:0.68458292 \n4 1:0.01301204 2:0.094860037 3:0.84321423 4:0.34590249 \n4 1:0.19565712 2:0.72177091 3:0.19758366 4:0.34590249 \n-4 1:0.17973207 2:0.60176809 3:0.32895201 4:0.34590249 \n-4 1:0.17722347 2:0.38301437 3:0.5729301 4:0.34590249 \n-4 1:0.21991534 2:0.45357716 3:0.4858859 4:0.34590249 \n-4 1:0.18409248 2:0.28061539 3:0.67356936 4:0.34590249 \n-4 1:0.0098966845 2:0.16530071 3:0.779544 4:0.25141568 \n-4 1:0.014762548 2:0.12723669 3:0.84877053 4:0.25141568 \n-4 1:0.0082546119 2:0.72065872 3:0.36586802 4:0.25141568 \n-4 1:0.005956895 2:0.3215247 3:0.67603846 4:0.25141568 \n-4 1:0.010151341 2:0.40587694 3:0.61613673 4:0.25141568 \n-4 1:0.013391132 2:0.47613734 3:0.54117982 4:0.25141568 \n-4 1:0.0064915632 2:0.2486725 3:0.72671484 4:0.25141568 \n-4 1:0.01336876 2:0.31559503 3:0.67240595 4:0.25141568 \n-4 1:0.020824595 2:0.38180229 3:0.60346662 4:0.25141568 \n4 1:0.13082899 2:0.12021216 3:0.85886842 4:0.48758134 \n4 1:0.089641484 2:0.086185996 3:0.89430545 4:0.48758134 \n-4 1:0.14276648 2:0.77647354 3:0.27596953 4:0.48758134 \n-4 1:0.13620265 2:0.62123748 3:0.39865883 4:0.48758134 \n4 1:0.13870634 2:0.2995921 3:0.67823482 4:0.48758134 \n-4 1:0.15780427 2:0.37372989 3:0.6197469 4:0.48758134 \n-4 1:0.17310842 2:0.45331887 3:0.54731484 4:0.48758134 \n4 1:0.13868006 2:0.20586122 3:0.7717064 4:0.48758134 \n-4 1:0.17386606 2:0.2595026 3:0.72134126 4:0.48758134 \n-4 1:0.033558186 2:0.070504916 3:0.85290156 4:0.20635451 \n4 1:0.54358412 2:0.63878152 3:0.16827964 4:0.20635451 \n4 1:0.52692005 2:0.50243323 3:0.31959615 4:0.20635451 \n-4 1:0.31671321 2:0.21484597 3:0.63764127 4:0.20635451 \n3.3680107940718216 1:0.50139891 2:0.28670471 3:0.58188933 4:0.20635451 \n4 1:0.63231122 2:0.35862996 3:0.4989179 4:0.20635451 \n4 1:0.010574408 2:0.085282913 3:0.84744258 4:0.15582565 \n4 1:0.0027999822 2:0.06597422 3:0.87476534 4:0.15582565 \n-4 1:0.093755717 2:0.54113178 3:0.33876536 4:0.15582565 \n-4 1:0.18948265 2:0.32445848 3:0.65338704 4:0.48758134 \n-4 1:0.67852947 2:0.24947729 3:0.62223701 4:0.20635451 \n-4 1:0.090466409 2:0.43716876 3:0.45448818 4:0.15582565 \n-4 1:0.059882897 2:0.18006795 3:0.69911282 4:0.15582565 \n-4 1:0.1014807 2:0.24694759 3:0.65340711 4:0.15582565 \n-4 1:0.12307434 2:0.31390922 3:0.58853713 4:0.15582565 \n-4 1:0.11101686 2:0.18446019 3:0.73616521 4:0.15582565 \n-4 1:0.14410028 2:0.23810818 3:0.68054625 4:0.15582565 \n4 1:0.020719766 2:0.090199008 3:0.92049965 4:0.087396659 \n4 1:0.020536737 2:0.064530479 3:0.94983754 4:0.087396659 \n-4 1:0.0087154031 2:0.54038478 3:0.36684955 4:0.087396659 \n-4 1:0.010503743 2:0.45594478 3:0.50058454 4:0.087396659 \n-4 1:0.0081488371 2:0.20304896 3:0.74438357 4:0.087396659 \n-4 1:0.012364189 2:0.26220375 3:0.70795407 4:0.087396659 \n-4 1:0.014967164 2:0.32938226 3:0.6545144 4:0.087396659 \n-4 1:0.011082801 2:0.15281813 3:0.83647568 4:0.087396659 \n-4 1:0.015143888 2:0.20208814 3:0.80286136 4:0.087396659 \n-4 1:0.010628307 2:0.10368979 3:0.8185282 4:0.94078297 \n-4 1:0.0070794686 2:0.067791461 3:0.88256173 4:0.94078297 \n-4 1:0.014374282 2:0.71461566 3:0.14692387 4:0.94078297 \n-4 1:0.011804936 2:0.5687863 3:0.27664371 4:0.94078297 \n-4 1:0.010437254 2:0.26099367 3:0.61048004 4:0.94078297 \n-4 1:0.015141027 2:0.32546185 3:0.54081144 4:0.94078297 \n-4 1:0.017366251 2:0.39773734 3:0.45492221 4:0.94078297 \n-4 1:0.0085676708 2:0.19024895 3:0.71993217 4:0.94078297 \n-4 1:0.016058051 2:0.24213096 3:0.65990648 4:0.94078297 \n-4 1:0.019371203 2:0.29625717 3:0.58421338 4:0.94078297 \n4 1:0.0003444177 2:0.11667328 3:0.84104574 4:0.49774315 \n-4 1:0.00029801387 2:0.074567035 3:0.90640562 4:0.49774315 \n4 1:0.00021035598 2:1 3:0.15886385 4:0.49774315 \n4 1:0.00039924097 2:0.81878435 3:0.28314427 4:0.49774315 \n-4 1:0.00011970787 2:0.34579677 3:0.62572777 4:0.49774315 \n-4 1:0.00034683973 2:0.44618596 3:0.54152613 4:0.49774315 \n-4 1:0.00096239775 2:0.54940648 3:0.43597794 4:0.49774315 \n4 1:6.5792151e-05 2:0.22607016 3:0.73726436 4:0.49774315 \n-4 1:0.0010948085 2:0.36190095 3:0.57530877 4:0.49774315 \n4 1:0.051631775 2:0.0084617522 3:0.91905576 4:0.045593808 \n4 1:0.059578329 3:0.98617343 4:0.045593808 \n-4 1:0.056682766 2:0.2187877 3:0.20967903 4:0.045593808 \n-4 1:0.057456859 2:0.1679859 3:0.37148197 4:0.045593808 \n-4 1:0.040634601 2:0.051495351 3:0.6535519 4:0.045593808 \n-4 1:0.049005763 2:0.073057536 3:0.62396276 4:0.045593808 \n-4 1:0.062911551 2:0.11105347 3:0.58003582 